[
    {
        "email": "importUser1@contoso.com",
        "email_verified": false,
        "username": "20220771",
        "given_name":"Name1",
		"family_name": "Apellido 1",
		"name":"Imported User Name1",
        "user_metadata": {
            "Apellido 2":"Apellido1"
        },
        "custom_password_hash": {
            "algorithm": "bcrypt",
            "hash": {
                "value": "$2a$12$U71TVYgkuSayrbMsWiJdq.kKenOHnXElOnFnb0qpAEsp607SnlUAy"
            }
        }
    },
    {
        "email": "importUser2@contoso.com",
        "email_verified": false,
        "username": "20220772",
        "given_name":"Name2",
		"family_name": "Apellido 2",
		"name":"Imported User Name2",
        "user_metadata": {
            "Apellido 2":"Apellido2"
        },
        "custom_password_hash": {
            "algorithm": "bcrypt",
            "hash": {
                "value": "$2a$12$U71TVYgkuSayrbMsWiJdq.kKenOHnXElOnFnb0qpAEsp607SnlUAy"
            }
        }
    }
]